,comparison,pathway,group,NES
1,X4 1 Rx:B / UnRx:H,ALLOGRAFT_REJECTION,Pt4 X4,NA
2,X4 1 Rx:B / UnRx:H,APOPTOSIS,Pt4 X4,NA
3,X4 1 Rx:B / UnRx:H,BILE_ACID_METABOLISM,Pt4 X4,NA
4,X4 1 Rx:B / UnRx:H,CHOLESTEROL_HOMEOSTASIS,Pt4 X4,NA
5,X4 1 Rx:B / UnRx:H,COMPLEMENT,Pt4 X4,NA
6,X4 1 Rx:B / UnRx:H,E2F_TARGETS,Pt4 X4,NA
7,X4 1 Rx:B / UnRx:H,EPITHELIAL_MESENCHYMAL_TRANSITION,Pt4 X4,NA
8,X4 1 Rx:B / UnRx:H,ESTROGEN_RESPONSE_EARLY,Pt4 X4,NA
9,X4 1 Rx:B / UnRx:H,ESTROGEN_RESPONSE_LATE,Pt4 X4,NA
10,X4 1 Rx:B / UnRx:H,FATTY_ACID_METABOLISM,Pt4 X4,-1.53614691133505
11,X4 1 Rx:B / UnRx:H,G2M_CHECKPOINT,Pt4 X4,NA
12,X4 1 Rx:B / UnRx:H,GLYCOLYSIS,Pt4 X4,NA
13,X4 1 Rx:B / UnRx:H,HYPOXIA,Pt4 X4,NA
14,X4 1 Rx:B / UnRx:H,IL6_JAK_STAT3_SIGNALING,Pt4 X4,NA
15,X4 1 Rx:B / UnRx:H,INFLAMMATORY_RESPONSE,Pt4 X4,NA
16,X4 1 Rx:B / UnRx:H,INTERFERON_ALPHA_RESPONSE,Pt4 X4,NA
17,X4 1 Rx:B / UnRx:H,INTERFERON_GAMMA_RESPONSE,Pt4 X4,NA
18,X4 1 Rx:B / UnRx:H,KRAS_SIGNALING_DN,Pt4 X4,NA
19,X4 1 Rx:B / UnRx:H,KRAS_SIGNALING_UP,Pt4 X4,NA
20,X4 1 Rx:B / UnRx:H,MITOTIC_SPINDLE,Pt4 X4,NA
21,X4 1 Rx:B / UnRx:H,MTORC1_SIGNALING,Pt4 X4,NA
22,X4 1 Rx:B / UnRx:H,MYC_TARGETS_V1,Pt4 X4,-2.57601337856215
23,X4 1 Rx:B / UnRx:H,MYC_TARGETS_V2,Pt4 X4,-1.96728624708777
24,X4 1 Rx:B / UnRx:H,MYOGENESIS,Pt4 X4,NA
25,X4 1 Rx:B / UnRx:H,OXIDATIVE_PHOSPHORYLATION,Pt4 X4,-2.68553711979524
26,X4 1 Rx:B / UnRx:H,P53_PATHWAY,Pt4 X4,NA
27,X4 1 Rx:B / UnRx:H,PEROXISOME,Pt4 X4,NA
28,X4 1 Rx:B / UnRx:H,REACTIVE_OXYGEN_SPECIES_PATHWAY,Pt4 X4,-1.49116247154718
29,X4 1 Rx:B / UnRx:H,SPERMATOGENESIS,Pt4 X4,NA
30,X4 1 Rx:B / UnRx:H,TGF_BETA_SIGNALING,Pt4 X4,NA
31,X4 1 Rx:B / UnRx:H,TNFA_SIGNALING_VIA_NFKB,Pt4 X4,NA
32,X4 1 Rx:B / UnRx:H,UNFOLDED_PROTEIN_RESPONSE,Pt4 X4,NA
33,X4 1 Rx:B / UnRx:H,UV_RESPONSE_UP,Pt4 X4,NA
34,X4 1 Rx:B / UnRx:H,XENOBIOTIC_METABOLISM,Pt4 X4,NA
35,X4 2 Rx:A / UnRx:H,ALLOGRAFT_REJECTION,Pt4 X4,NA
36,X4 2 Rx:A / UnRx:H,APOPTOSIS,Pt4 X4,NA
37,X4 2 Rx:A / UnRx:H,BILE_ACID_METABOLISM,Pt4 X4,NA
38,X4 2 Rx:A / UnRx:H,CHOLESTEROL_HOMEOSTASIS,Pt4 X4,NA
39,X4 2 Rx:A / UnRx:H,COMPLEMENT,Pt4 X4,2.57349703169143
40,X4 2 Rx:A / UnRx:H,E2F_TARGETS,Pt4 X4,NA
41,X4 2 Rx:A / UnRx:H,EPITHELIAL_MESENCHYMAL_TRANSITION,Pt4 X4,NA
42,X4 2 Rx:A / UnRx:H,ESTROGEN_RESPONSE_EARLY,Pt4 X4,NA
43,X4 2 Rx:A / UnRx:H,ESTROGEN_RESPONSE_LATE,Pt4 X4,NA
44,X4 2 Rx:A / UnRx:H,FATTY_ACID_METABOLISM,Pt4 X4,NA
45,X4 2 Rx:A / UnRx:H,G2M_CHECKPOINT,Pt4 X4,NA
46,X4 2 Rx:A / UnRx:H,GLYCOLYSIS,Pt4 X4,NA
47,X4 2 Rx:A / UnRx:H,HYPOXIA,Pt4 X4,NA
48,X4 2 Rx:A / UnRx:H,IL6_JAK_STAT3_SIGNALING,Pt4 X4,NA
49,X4 2 Rx:A / UnRx:H,INFLAMMATORY_RESPONSE,Pt4 X4,NA
50,X4 2 Rx:A / UnRx:H,INTERFERON_ALPHA_RESPONSE,Pt4 X4,2.57309239807548
51,X4 2 Rx:A / UnRx:H,INTERFERON_GAMMA_RESPONSE,Pt4 X4,2.65517477419326
52,X4 2 Rx:A / UnRx:H,KRAS_SIGNALING_DN,Pt4 X4,NA
53,X4 2 Rx:A / UnRx:H,KRAS_SIGNALING_UP,Pt4 X4,NA
54,X4 2 Rx:A / UnRx:H,MITOTIC_SPINDLE,Pt4 X4,NA
55,X4 2 Rx:A / UnRx:H,MTORC1_SIGNALING,Pt4 X4,NA
56,X4 2 Rx:A / UnRx:H,MYC_TARGETS_V1,Pt4 X4,-3.40034065319193
57,X4 2 Rx:A / UnRx:H,MYC_TARGETS_V2,Pt4 X4,-2.25047195128204
58,X4 2 Rx:A / UnRx:H,MYOGENESIS,Pt4 X4,2.64870873884017
59,X4 2 Rx:A / UnRx:H,OXIDATIVE_PHOSPHORYLATION,Pt4 X4,-2.30184342448363
60,X4 2 Rx:A / UnRx:H,P53_PATHWAY,Pt4 X4,NA
61,X4 2 Rx:A / UnRx:H,PEROXISOME,Pt4 X4,NA
62,X4 2 Rx:A / UnRx:H,REACTIVE_OXYGEN_SPECIES_PATHWAY,Pt4 X4,-1.58455627312147
63,X4 2 Rx:A / UnRx:H,SPERMATOGENESIS,Pt4 X4,NA
64,X4 2 Rx:A / UnRx:H,TGF_BETA_SIGNALING,Pt4 X4,NA
65,X4 2 Rx:A / UnRx:H,TNFA_SIGNALING_VIA_NFKB,Pt4 X4,NA
66,X4 2 Rx:A / UnRx:H,UNFOLDED_PROTEIN_RESPONSE,Pt4 X4,NA
67,X4 2 Rx:A / UnRx:H,UV_RESPONSE_UP,Pt4 X4,NA
68,X4 2 Rx:A / UnRx:H,XENOBIOTIC_METABOLISM,Pt4 X4,NA
69,X5 1 RxH:B / UnRx:H,ALLOGRAFT_REJECTION,Pt4 X5,NA
70,X5 1 RxH:B / UnRx:H,APOPTOSIS,Pt4 X5,NA
71,X5 1 RxH:B / UnRx:H,BILE_ACID_METABOLISM,Pt4 X5,NA
72,X5 1 RxH:B / UnRx:H,CHOLESTEROL_HOMEOSTASIS,Pt4 X5,NA
73,X5 1 RxH:B / UnRx:H,COMPLEMENT,Pt4 X5,NA
74,X5 1 RxH:B / UnRx:H,E2F_TARGETS,Pt4 X5,NA
75,X5 1 RxH:B / UnRx:H,EPITHELIAL_MESENCHYMAL_TRANSITION,Pt4 X5,NA
76,X5 1 RxH:B / UnRx:H,ESTROGEN_RESPONSE_EARLY,Pt4 X5,NA
77,X5 1 RxH:B / UnRx:H,ESTROGEN_RESPONSE_LATE,Pt4 X5,NA
78,X5 1 RxH:B / UnRx:H,FATTY_ACID_METABOLISM,Pt4 X5,NA
79,X5 1 RxH:B / UnRx:H,G2M_CHECKPOINT,Pt4 X5,NA
80,X5 1 RxH:B / UnRx:H,GLYCOLYSIS,Pt4 X5,NA
81,X5 1 RxH:B / UnRx:H,HYPOXIA,Pt4 X5,NA
82,X5 1 RxH:B / UnRx:H,IL6_JAK_STAT3_SIGNALING,Pt4 X5,NA
83,X5 1 RxH:B / UnRx:H,INFLAMMATORY_RESPONSE,Pt4 X5,NA
84,X5 1 RxH:B / UnRx:H,INTERFERON_ALPHA_RESPONSE,Pt4 X5,NA
85,X5 1 RxH:B / UnRx:H,INTERFERON_GAMMA_RESPONSE,Pt4 X5,NA
86,X5 1 RxH:B / UnRx:H,KRAS_SIGNALING_DN,Pt4 X5,NA
87,X5 1 RxH:B / UnRx:H,KRAS_SIGNALING_UP,Pt4 X5,NA
88,X5 1 RxH:B / UnRx:H,MITOTIC_SPINDLE,Pt4 X5,NA
89,X5 1 RxH:B / UnRx:H,MTORC1_SIGNALING,Pt4 X5,NA
90,X5 1 RxH:B / UnRx:H,MYC_TARGETS_V1,Pt4 X5,-2.2046516131468
91,X5 1 RxH:B / UnRx:H,MYC_TARGETS_V2,Pt4 X5,-2.75651599889713
92,X5 1 RxH:B / UnRx:H,MYOGENESIS,Pt4 X5,NA
93,X5 1 RxH:B / UnRx:H,OXIDATIVE_PHOSPHORYLATION,Pt4 X5,-2.45654053720216
94,X5 1 RxH:B / UnRx:H,P53_PATHWAY,Pt4 X5,NA
95,X5 1 RxH:B / UnRx:H,PEROXISOME,Pt4 X5,NA
96,X5 1 RxH:B / UnRx:H,REACTIVE_OXYGEN_SPECIES_PATHWAY,Pt4 X5,NA
97,X5 1 RxH:B / UnRx:H,SPERMATOGENESIS,Pt4 X5,NA
98,X5 1 RxH:B / UnRx:H,TGF_BETA_SIGNALING,Pt4 X5,NA
99,X5 1 RxH:B / UnRx:H,TNFA_SIGNALING_VIA_NFKB,Pt4 X5,NA
100,X5 1 RxH:B / UnRx:H,UNFOLDED_PROTEIN_RESPONSE,Pt4 X5,NA
101,X5 1 RxH:B / UnRx:H,UV_RESPONSE_UP,Pt4 X5,NA
102,X5 1 RxH:B / UnRx:H,XENOBIOTIC_METABOLISM,Pt4 X5,NA
103,X5 2 Rx:A / UnRx:H,ALLOGRAFT_REJECTION,Pt4 X5,NA
104,X5 2 Rx:A / UnRx:H,APOPTOSIS,Pt4 X5,2.55132721380918
105,X5 2 Rx:A / UnRx:H,BILE_ACID_METABOLISM,Pt4 X5,NA
106,X5 2 Rx:A / UnRx:H,CHOLESTEROL_HOMEOSTASIS,Pt4 X5,NA
107,X5 2 Rx:A / UnRx:H,COMPLEMENT,Pt4 X5,NA
108,X5 2 Rx:A / UnRx:H,E2F_TARGETS,Pt4 X5,NA
109,X5 2 Rx:A / UnRx:H,EPITHELIAL_MESENCHYMAL_TRANSITION,Pt4 X5,2.65510403700481
110,X5 2 Rx:A / UnRx:H,ESTROGEN_RESPONSE_EARLY,Pt4 X5,NA
111,X5 2 Rx:A / UnRx:H,ESTROGEN_RESPONSE_LATE,Pt4 X5,NA
112,X5 2 Rx:A / UnRx:H,FATTY_ACID_METABOLISM,Pt4 X5,NA
113,X5 2 Rx:A / UnRx:H,G2M_CHECKPOINT,Pt4 X5,NA
114,X5 2 Rx:A / UnRx:H,GLYCOLYSIS,Pt4 X5,NA
115,X5 2 Rx:A / UnRx:H,HYPOXIA,Pt4 X5,NA
116,X5 2 Rx:A / UnRx:H,IL6_JAK_STAT3_SIGNALING,Pt4 X5,NA
117,X5 2 Rx:A / UnRx:H,INFLAMMATORY_RESPONSE,Pt4 X5,NA
118,X5 2 Rx:A / UnRx:H,INTERFERON_ALPHA_RESPONSE,Pt4 X5,NA
119,X5 2 Rx:A / UnRx:H,INTERFERON_GAMMA_RESPONSE,Pt4 X5,NA
120,X5 2 Rx:A / UnRx:H,KRAS_SIGNALING_DN,Pt4 X5,NA
121,X5 2 Rx:A / UnRx:H,KRAS_SIGNALING_UP,Pt4 X5,NA
122,X5 2 Rx:A / UnRx:H,MITOTIC_SPINDLE,Pt4 X5,NA
123,X5 2 Rx:A / UnRx:H,MTORC1_SIGNALING,Pt4 X5,-1.71293238735156
124,X5 2 Rx:A / UnRx:H,MYC_TARGETS_V1,Pt4 X5,-3.35322934943368
125,X5 2 Rx:A / UnRx:H,MYC_TARGETS_V2,Pt4 X5,-2.83370095867258
126,X5 2 Rx:A / UnRx:H,MYOGENESIS,Pt4 X5,NA
127,X5 2 Rx:A / UnRx:H,OXIDATIVE_PHOSPHORYLATION,Pt4 X5,-2.85681311629623
128,X5 2 Rx:A / UnRx:H,P53_PATHWAY,Pt4 X5,NA
129,X5 2 Rx:A / UnRx:H,PEROXISOME,Pt4 X5,NA
130,X5 2 Rx:A / UnRx:H,REACTIVE_OXYGEN_SPECIES_PATHWAY,Pt4 X5,NA
131,X5 2 Rx:A / UnRx:H,SPERMATOGENESIS,Pt4 X5,2.54255626759806
132,X5 2 Rx:A / UnRx:H,TGF_BETA_SIGNALING,Pt4 X5,2.67325224649424
133,X5 2 Rx:A / UnRx:H,TNFA_SIGNALING_VIA_NFKB,Pt4 X5,NA
134,X5 2 Rx:A / UnRx:H,UNFOLDED_PROTEIN_RESPONSE,Pt4 X5,NA
135,X5 2 Rx:A / UnRx:H,UV_RESPONSE_UP,Pt4 X5,NA
136,X5 2 Rx:A / UnRx:H,XENOBIOTIC_METABOLISM,Pt4 X5,NA
137,X5 3 RxH:A / UnRx:H,ALLOGRAFT_REJECTION,Pt4 X5,NA
138,X5 3 RxH:A / UnRx:H,APOPTOSIS,Pt4 X5,2.64230645370681
139,X5 3 RxH:A / UnRx:H,BILE_ACID_METABOLISM,Pt4 X5,NA
140,X5 3 RxH:A / UnRx:H,CHOLESTEROL_HOMEOSTASIS,Pt4 X5,NA
141,X5 3 RxH:A / UnRx:H,COMPLEMENT,Pt4 X5,2.98113708593347
142,X5 3 RxH:A / UnRx:H,E2F_TARGETS,Pt4 X5,NA
143,X5 3 RxH:A / UnRx:H,EPITHELIAL_MESENCHYMAL_TRANSITION,Pt4 X5,3.14047904119238
144,X5 3 RxH:A / UnRx:H,ESTROGEN_RESPONSE_EARLY,Pt4 X5,NA
145,X5 3 RxH:A / UnRx:H,ESTROGEN_RESPONSE_LATE,Pt4 X5,NA
146,X5 3 RxH:A / UnRx:H,FATTY_ACID_METABOLISM,Pt4 X5,NA
147,X5 3 RxH:A / UnRx:H,G2M_CHECKPOINT,Pt4 X5,NA
148,X5 3 RxH:A / UnRx:H,GLYCOLYSIS,Pt4 X5,NA
149,X5 3 RxH:A / UnRx:H,HYPOXIA,Pt4 X5,2.80687293109804
150,X5 3 RxH:A / UnRx:H,IL6_JAK_STAT3_SIGNALING,Pt4 X5,NA
151,X5 3 RxH:A / UnRx:H,INFLAMMATORY_RESPONSE,Pt4 X5,NA
152,X5 3 RxH:A / UnRx:H,INTERFERON_ALPHA_RESPONSE,Pt4 X5,2.95200352117518
153,X5 3 RxH:A / UnRx:H,INTERFERON_GAMMA_RESPONSE,Pt4 X5,3.13054535702511
154,X5 3 RxH:A / UnRx:H,KRAS_SIGNALING_DN,Pt4 X5,NA
155,X5 3 RxH:A / UnRx:H,KRAS_SIGNALING_UP,Pt4 X5,2.65048240172707
156,X5 3 RxH:A / UnRx:H,MITOTIC_SPINDLE,Pt4 X5,NA
157,X5 3 RxH:A / UnRx:H,MTORC1_SIGNALING,Pt4 X5,NA
158,X5 3 RxH:A / UnRx:H,MYC_TARGETS_V1,Pt4 X5,-4.34369416845197
159,X5 3 RxH:A / UnRx:H,MYC_TARGETS_V2,Pt4 X5,-3.89997475181737
160,X5 3 RxH:A / UnRx:H,MYOGENESIS,Pt4 X5,2.93518282353424
161,X5 3 RxH:A / UnRx:H,OXIDATIVE_PHOSPHORYLATION,Pt4 X5,-2.22506953544337
162,X5 3 RxH:A / UnRx:H,P53_PATHWAY,Pt4 X5,NA
163,X5 3 RxH:A / UnRx:H,PEROXISOME,Pt4 X5,NA
164,X5 3 RxH:A / UnRx:H,REACTIVE_OXYGEN_SPECIES_PATHWAY,Pt4 X5,NA
165,X5 3 RxH:A / UnRx:H,SPERMATOGENESIS,Pt4 X5,NA
166,X5 3 RxH:A / UnRx:H,TGF_BETA_SIGNALING,Pt4 X5,2.5769325515052
167,X5 3 RxH:A / UnRx:H,TNFA_SIGNALING_VIA_NFKB,Pt4 X5,NA
168,X5 3 RxH:A / UnRx:H,UNFOLDED_PROTEIN_RESPONSE,Pt4 X5,NA
169,X5 3 RxH:A / UnRx:H,UV_RESPONSE_UP,Pt4 X5,NA
170,X5 3 RxH:A / UnRx:H,XENOBIOTIC_METABOLISM,Pt4 X5,NA
171,X6 Rx:A / UnRx:H,ALLOGRAFT_REJECTION,Pt4 X6,NA
172,X6 Rx:A / UnRx:H,APOPTOSIS,Pt4 X6,2.5220433779732
173,X6 Rx:A / UnRx:H,BILE_ACID_METABOLISM,Pt4 X6,NA
174,X6 Rx:A / UnRx:H,CHOLESTEROL_HOMEOSTASIS,Pt4 X6,NA
175,X6 Rx:A / UnRx:H,COMPLEMENT,Pt4 X6,NA
176,X6 Rx:A / UnRx:H,E2F_TARGETS,Pt4 X6,NA
177,X6 Rx:A / UnRx:H,EPITHELIAL_MESENCHYMAL_TRANSITION,Pt4 X6,3.12570224718621
178,X6 Rx:A / UnRx:H,ESTROGEN_RESPONSE_EARLY,Pt4 X6,NA
179,X6 Rx:A / UnRx:H,ESTROGEN_RESPONSE_LATE,Pt4 X6,NA
180,X6 Rx:A / UnRx:H,FATTY_ACID_METABOLISM,Pt4 X6,-1.94693166027316
181,X6 Rx:A / UnRx:H,G2M_CHECKPOINT,Pt4 X6,NA
182,X6 Rx:A / UnRx:H,GLYCOLYSIS,Pt4 X6,NA
183,X6 Rx:A / UnRx:H,HYPOXIA,Pt4 X6,2.52775510202328
184,X6 Rx:A / UnRx:H,IL6_JAK_STAT3_SIGNALING,Pt4 X6,NA
185,X6 Rx:A / UnRx:H,INFLAMMATORY_RESPONSE,Pt4 X6,NA
186,X6 Rx:A / UnRx:H,INTERFERON_ALPHA_RESPONSE,Pt4 X6,NA
187,X6 Rx:A / UnRx:H,INTERFERON_GAMMA_RESPONSE,Pt4 X6,NA
188,X6 Rx:A / UnRx:H,KRAS_SIGNALING_DN,Pt4 X6,NA
189,X6 Rx:A / UnRx:H,KRAS_SIGNALING_UP,Pt4 X6,NA
190,X6 Rx:A / UnRx:H,MITOTIC_SPINDLE,Pt4 X6,NA
191,X6 Rx:A / UnRx:H,MTORC1_SIGNALING,Pt4 X6,-1.76481020421846
192,X6 Rx:A / UnRx:H,MYC_TARGETS_V1,Pt4 X6,-3.48473616559576
193,X6 Rx:A / UnRx:H,MYC_TARGETS_V2,Pt4 X6,-2.48992999665294
194,X6 Rx:A / UnRx:H,MYOGENESIS,Pt4 X6,NA
195,X6 Rx:A / UnRx:H,OXIDATIVE_PHOSPHORYLATION,Pt4 X6,-1.7753087994201
196,X6 Rx:A / UnRx:H,P53_PATHWAY,Pt4 X6,NA
197,X6 Rx:A / UnRx:H,PEROXISOME,Pt4 X6,NA
198,X6 Rx:A / UnRx:H,REACTIVE_OXYGEN_SPECIES_PATHWAY,Pt4 X6,NA
199,X6 Rx:A / UnRx:H,SPERMATOGENESIS,Pt4 X6,NA
200,X6 Rx:A / UnRx:H,TGF_BETA_SIGNALING,Pt4 X6,NA
201,X6 Rx:A / UnRx:H,TNFA_SIGNALING_VIA_NFKB,Pt4 X6,3.27796576423823
202,X6 Rx:A / UnRx:H,UNFOLDED_PROTEIN_RESPONSE,Pt4 X6,NA
203,X6 Rx:A / UnRx:H,UV_RESPONSE_UP,Pt4 X6,NA
204,X6 Rx:A / UnRx:H,XENOBIOTIC_METABOLISM,Pt4 X6,NA
205,X6 RxH:A / UnRx:H,ALLOGRAFT_REJECTION,Pt4 X6,NA
206,X6 RxH:A / UnRx:H,APOPTOSIS,Pt4 X6,2.46253114839911
207,X6 RxH:A / UnRx:H,BILE_ACID_METABOLISM,Pt4 X6,NA
208,X6 RxH:A / UnRx:H,CHOLESTEROL_HOMEOSTASIS,Pt4 X6,NA
209,X6 RxH:A / UnRx:H,COMPLEMENT,Pt4 X6,NA
210,X6 RxH:A / UnRx:H,E2F_TARGETS,Pt4 X6,NA
211,X6 RxH:A / UnRx:H,EPITHELIAL_MESENCHYMAL_TRANSITION,Pt4 X6,3.13928825751742
212,X6 RxH:A / UnRx:H,ESTROGEN_RESPONSE_EARLY,Pt4 X6,NA
213,X6 RxH:A / UnRx:H,ESTROGEN_RESPONSE_LATE,Pt4 X6,NA
214,X6 RxH:A / UnRx:H,FATTY_ACID_METABOLISM,Pt4 X6,-1.9823639405118
215,X6 RxH:A / UnRx:H,G2M_CHECKPOINT,Pt4 X6,NA
216,X6 RxH:A / UnRx:H,GLYCOLYSIS,Pt4 X6,NA
217,X6 RxH:A / UnRx:H,HYPOXIA,Pt4 X6,2.70126940318383
218,X6 RxH:A / UnRx:H,IL6_JAK_STAT3_SIGNALING,Pt4 X6,NA
219,X6 RxH:A / UnRx:H,INFLAMMATORY_RESPONSE,Pt4 X6,NA
220,X6 RxH:A / UnRx:H,INTERFERON_ALPHA_RESPONSE,Pt4 X6,NA
221,X6 RxH:A / UnRx:H,INTERFERON_GAMMA_RESPONSE,Pt4 X6,NA
222,X6 RxH:A / UnRx:H,KRAS_SIGNALING_DN,Pt4 X6,NA
223,X6 RxH:A / UnRx:H,KRAS_SIGNALING_UP,Pt4 X6,2.46878179553978
224,X6 RxH:A / UnRx:H,MITOTIC_SPINDLE,Pt4 X6,2.80588560622833
225,X6 RxH:A / UnRx:H,MTORC1_SIGNALING,Pt4 X6,-1.41478520018834
226,X6 RxH:A / UnRx:H,MYC_TARGETS_V1,Pt4 X6,-3.54788009000526
227,X6 RxH:A / UnRx:H,MYC_TARGETS_V2,Pt4 X6,-2.53112877405863
228,X6 RxH:A / UnRx:H,MYOGENESIS,Pt4 X6,NA
229,X6 RxH:A / UnRx:H,OXIDATIVE_PHOSPHORYLATION,Pt4 X6,-2.29190465340921
230,X6 RxH:A / UnRx:H,P53_PATHWAY,Pt4 X6,NA
231,X6 RxH:A / UnRx:H,PEROXISOME,Pt4 X6,NA
232,X6 RxH:A / UnRx:H,REACTIVE_OXYGEN_SPECIES_PATHWAY,Pt4 X6,-1.42203122234227
233,X6 RxH:A / UnRx:H,SPERMATOGENESIS,Pt4 X6,2.50461929321768
234,X6 RxH:A / UnRx:H,TGF_BETA_SIGNALING,Pt4 X6,2.41844692340658
235,X6 RxH:A / UnRx:H,TNFA_SIGNALING_VIA_NFKB,Pt4 X6,2.60481445348199
236,X6 RxH:A / UnRx:H,UNFOLDED_PROTEIN_RESPONSE,Pt4 X6,NA
237,X6 RxH:A / UnRx:H,UV_RESPONSE_UP,Pt4 X6,NA
238,X6 RxH:A / UnRx:H,XENOBIOTIC_METABOLISM,Pt4 X6,NA
239,X7 Rx:A / UnRx:H,ALLOGRAFT_REJECTION,Pt4 X7,NA
240,X7 Rx:A / UnRx:H,APOPTOSIS,Pt4 X7,3.07976751346372
241,X7 Rx:A / UnRx:H,BILE_ACID_METABOLISM,Pt4 X7,NA
242,X7 Rx:A / UnRx:H,CHOLESTEROL_HOMEOSTASIS,Pt4 X7,2.6396492661625
243,X7 Rx:A / UnRx:H,COMPLEMENT,Pt4 X7,NA
244,X7 Rx:A / UnRx:H,E2F_TARGETS,Pt4 X7,2.33998242812836
245,X7 Rx:A / UnRx:H,EPITHELIAL_MESENCHYMAL_TRANSITION,Pt4 X7,2.73218675980794
246,X7 Rx:A / UnRx:H,ESTROGEN_RESPONSE_EARLY,Pt4 X7,2.48377888086042
247,X7 Rx:A / UnRx:H,ESTROGEN_RESPONSE_LATE,Pt4 X7,2.72804804222288
248,X7 Rx:A / UnRx:H,FATTY_ACID_METABOLISM,Pt4 X7,NA
249,X7 Rx:A / UnRx:H,G2M_CHECKPOINT,Pt4 X7,2.39739022359831
250,X7 Rx:A / UnRx:H,GLYCOLYSIS,Pt4 X7,NA
251,X7 Rx:A / UnRx:H,HYPOXIA,Pt4 X7,3.11053034178412
252,X7 Rx:A / UnRx:H,IL6_JAK_STAT3_SIGNALING,Pt4 X7,NA
253,X7 Rx:A / UnRx:H,INFLAMMATORY_RESPONSE,Pt4 X7,NA
254,X7 Rx:A / UnRx:H,INTERFERON_ALPHA_RESPONSE,Pt4 X7,-1.61914697415172
255,X7 Rx:A / UnRx:H,INTERFERON_GAMMA_RESPONSE,Pt4 X7,NA
256,X7 Rx:A / UnRx:H,KRAS_SIGNALING_DN,Pt4 X7,2.5958942518688
257,X7 Rx:A / UnRx:H,KRAS_SIGNALING_UP,Pt4 X7,2.4312020971977
258,X7 Rx:A / UnRx:H,MITOTIC_SPINDLE,Pt4 X7,NA
259,X7 Rx:A / UnRx:H,MTORC1_SIGNALING,Pt4 X7,NA
260,X7 Rx:A / UnRx:H,MYC_TARGETS_V1,Pt4 X7,-2.48399645957596
261,X7 Rx:A / UnRx:H,MYC_TARGETS_V2,Pt4 X7,-2.5272797582885
262,X7 Rx:A / UnRx:H,MYOGENESIS,Pt4 X7,NA
263,X7 Rx:A / UnRx:H,OXIDATIVE_PHOSPHORYLATION,Pt4 X7,-3.05102389016065
264,X7 Rx:A / UnRx:H,P53_PATHWAY,Pt4 X7,2.52418840371129
265,X7 Rx:A / UnRx:H,PEROXISOME,Pt4 X7,2.40523030664311
266,X7 Rx:A / UnRx:H,REACTIVE_OXYGEN_SPECIES_PATHWAY,Pt4 X7,NA
267,X7 Rx:A / UnRx:H,SPERMATOGENESIS,Pt4 X7,2.84707790490991
268,X7 Rx:A / UnRx:H,TGF_BETA_SIGNALING,Pt4 X7,3.07111559400999
269,X7 Rx:A / UnRx:H,TNFA_SIGNALING_VIA_NFKB,Pt4 X7,3.98562498775571
270,X7 Rx:A / UnRx:H,UNFOLDED_PROTEIN_RESPONSE,Pt4 X7,2.45986701096441
271,X7 Rx:A / UnRx:H,UV_RESPONSE_UP,Pt4 X7,2.52853415398021
272,X7 Rx:A / UnRx:H,XENOBIOTIC_METABOLISM,Pt4 X7,2.34651701904811
273,X7 RxH:A / UnRx:H,ALLOGRAFT_REJECTION,Pt4 X7,NA
274,X7 RxH:A / UnRx:H,APOPTOSIS,Pt4 X7,2.86734300101071
275,X7 RxH:A / UnRx:H,BILE_ACID_METABOLISM,Pt4 X7,NA
276,X7 RxH:A / UnRx:H,CHOLESTEROL_HOMEOSTASIS,Pt4 X7,2.33604007008543
277,X7 RxH:A / UnRx:H,COMPLEMENT,Pt4 X7,NA
278,X7 RxH:A / UnRx:H,E2F_TARGETS,Pt4 X7,2.34536940983425
279,X7 RxH:A / UnRx:H,EPITHELIAL_MESENCHYMAL_TRANSITION,Pt4 X7,2.80875443444355
280,X7 RxH:A / UnRx:H,ESTROGEN_RESPONSE_EARLY,Pt4 X7,2.50455194171291
281,X7 RxH:A / UnRx:H,ESTROGEN_RESPONSE_LATE,Pt4 X7,2.89722698805564
282,X7 RxH:A / UnRx:H,FATTY_ACID_METABOLISM,Pt4 X7,NA
283,X7 RxH:A / UnRx:H,G2M_CHECKPOINT,Pt4 X7,NA
284,X7 RxH:A / UnRx:H,GLYCOLYSIS,Pt4 X7,NA
285,X7 RxH:A / UnRx:H,HYPOXIA,Pt4 X7,2.83672978793805
286,X7 RxH:A / UnRx:H,IL6_JAK_STAT3_SIGNALING,Pt4 X7,NA
287,X7 RxH:A / UnRx:H,INFLAMMATORY_RESPONSE,Pt4 X7,NA
288,X7 RxH:A / UnRx:H,INTERFERON_ALPHA_RESPONSE,Pt4 X7,-1.64663512969543
289,X7 RxH:A / UnRx:H,INTERFERON_GAMMA_RESPONSE,Pt4 X7,NA
290,X7 RxH:A / UnRx:H,KRAS_SIGNALING_DN,Pt4 X7,NA
291,X7 RxH:A / UnRx:H,KRAS_SIGNALING_UP,Pt4 X7,2.43999261285882
292,X7 RxH:A / UnRx:H,MITOTIC_SPINDLE,Pt4 X7,2.44791036016992
293,X7 RxH:A / UnRx:H,MTORC1_SIGNALING,Pt4 X7,NA
294,X7 RxH:A / UnRx:H,MYC_TARGETS_V1,Pt4 X7,-2.48809840614518
295,X7 RxH:A / UnRx:H,MYC_TARGETS_V2,Pt4 X7,-2.60447224402514
296,X7 RxH:A / UnRx:H,MYOGENESIS,Pt4 X7,NA
297,X7 RxH:A / UnRx:H,OXIDATIVE_PHOSPHORYLATION,Pt4 X7,-3.90349630979241
298,X7 RxH:A / UnRx:H,P53_PATHWAY,Pt4 X7,2.38083700941109
299,X7 RxH:A / UnRx:H,PEROXISOME,Pt4 X7,2.35139492749485
300,X7 RxH:A / UnRx:H,REACTIVE_OXYGEN_SPECIES_PATHWAY,Pt4 X7,-1.48261921892533
301,X7 RxH:A / UnRx:H,SPERMATOGENESIS,Pt4 X7,2.66719550604766
302,X7 RxH:A / UnRx:H,TGF_BETA_SIGNALING,Pt4 X7,2.84016990509335
303,X7 RxH:A / UnRx:H,TNFA_SIGNALING_VIA_NFKB,Pt4 X7,3.3386071424404
304,X7 RxH:A / UnRx:H,UNFOLDED_PROTEIN_RESPONSE,Pt4 X7,NA
305,X7 RxH:A / UnRx:H,UV_RESPONSE_UP,Pt4 X7,NA
306,X7 RxH:A / UnRx:H,XENOBIOTIC_METABOLISM,Pt4 X7,2.48544295704179
307,X8 Rx:A / UnRx:G,ALLOGRAFT_REJECTION,Pt5 X8,NA
308,X8 Rx:A / UnRx:G,APOPTOSIS,Pt5 X8,2.59627082796129
309,X8 Rx:A / UnRx:G,BILE_ACID_METABOLISM,Pt5 X8,-1.82557172191116
310,X8 Rx:A / UnRx:G,CHOLESTEROL_HOMEOSTASIS,Pt5 X8,NA
311,X8 Rx:A / UnRx:G,COMPLEMENT,Pt5 X8,NA
312,X8 Rx:A / UnRx:G,E2F_TARGETS,Pt5 X8,3.45158296908199
313,X8 Rx:A / UnRx:G,EPITHELIAL_MESENCHYMAL_TRANSITION,Pt5 X8,NA
314,X8 Rx:A / UnRx:G,ESTROGEN_RESPONSE_EARLY,Pt5 X8,NA
315,X8 Rx:A / UnRx:G,ESTROGEN_RESPONSE_LATE,Pt5 X8,NA
316,X8 Rx:A / UnRx:G,FATTY_ACID_METABOLISM,Pt5 X8,NA
317,X8 Rx:A / UnRx:G,G2M_CHECKPOINT,Pt5 X8,3.30410802422687
318,X8 Rx:A / UnRx:G,GLYCOLYSIS,Pt5 X8,NA
319,X8 Rx:A / UnRx:G,HYPOXIA,Pt5 X8,NA
320,X8 Rx:A / UnRx:G,IL6_JAK_STAT3_SIGNALING,Pt5 X8,-1.8435547444935
321,X8 Rx:A / UnRx:G,INFLAMMATORY_RESPONSE,Pt5 X8,-1.87217018163898
322,X8 Rx:A / UnRx:G,INTERFERON_ALPHA_RESPONSE,Pt5 X8,-1.66322353058447
323,X8 Rx:A / UnRx:G,INTERFERON_GAMMA_RESPONSE,Pt5 X8,-2.21355176550818
324,X8 Rx:A / UnRx:G,KRAS_SIGNALING_DN,Pt5 X8,NA
325,X8 Rx:A / UnRx:G,KRAS_SIGNALING_UP,Pt5 X8,NA
326,X8 Rx:A / UnRx:G,MITOTIC_SPINDLE,Pt5 X8,3.1936485345896
327,X8 Rx:A / UnRx:G,MTORC1_SIGNALING,Pt5 X8,NA
328,X8 Rx:A / UnRx:G,MYC_TARGETS_V1,Pt5 X8,NA
329,X8 Rx:A / UnRx:G,MYC_TARGETS_V2,Pt5 X8,NA
330,X8 Rx:A / UnRx:G,MYOGENESIS,Pt5 X8,NA
331,X8 Rx:A / UnRx:G,OXIDATIVE_PHOSPHORYLATION,Pt5 X8,-1.69836590100255
332,X8 Rx:A / UnRx:G,P53_PATHWAY,Pt5 X8,NA
333,X8 Rx:A / UnRx:G,PEROXISOME,Pt5 X8,-1.51643564111836
334,X8 Rx:A / UnRx:G,REACTIVE_OXYGEN_SPECIES_PATHWAY,Pt5 X8,NA
335,X8 Rx:A / UnRx:G,SPERMATOGENESIS,Pt5 X8,NA
336,X8 Rx:A / UnRx:G,TGF_BETA_SIGNALING,Pt5 X8,NA
337,X8 Rx:A / UnRx:G,TNFA_SIGNALING_VIA_NFKB,Pt5 X8,2.65622509445538
338,X8 Rx:A / UnRx:G,UNFOLDED_PROTEIN_RESPONSE,Pt5 X8,NA
339,X8 Rx:A / UnRx:G,UV_RESPONSE_UP,Pt5 X8,NA
340,X8 Rx:A / UnRx:G,XENOBIOTIC_METABOLISM,Pt5 X8,NA
341,X8 RxH:D / UnRx:G,ALLOGRAFT_REJECTION,Pt5 X8,NA
342,X8 RxH:D / UnRx:G,APOPTOSIS,Pt5 X8,NA
343,X8 RxH:D / UnRx:G,BILE_ACID_METABOLISM,Pt5 X8,NA
344,X8 RxH:D / UnRx:G,CHOLESTEROL_HOMEOSTASIS,Pt5 X8,NA
345,X8 RxH:D / UnRx:G,COMPLEMENT,Pt5 X8,NA
346,X8 RxH:D / UnRx:G,E2F_TARGETS,Pt5 X8,3.15713172888034
347,X8 RxH:D / UnRx:G,EPITHELIAL_MESENCHYMAL_TRANSITION,Pt5 X8,NA
348,X8 RxH:D / UnRx:G,ESTROGEN_RESPONSE_EARLY,Pt5 X8,-1.79912861344668
349,X8 RxH:D / UnRx:G,ESTROGEN_RESPONSE_LATE,Pt5 X8,NA
350,X8 RxH:D / UnRx:G,FATTY_ACID_METABOLISM,Pt5 X8,NA
351,X8 RxH:D / UnRx:G,G2M_CHECKPOINT,Pt5 X8,2.69694857377396
352,X8 RxH:D / UnRx:G,GLYCOLYSIS,Pt5 X8,NA
353,X8 RxH:D / UnRx:G,HYPOXIA,Pt5 X8,NA
354,X8 RxH:D / UnRx:G,IL6_JAK_STAT3_SIGNALING,Pt5 X8,NA
355,X8 RxH:D / UnRx:G,INFLAMMATORY_RESPONSE,Pt5 X8,NA
356,X8 RxH:D / UnRx:G,INTERFERON_ALPHA_RESPONSE,Pt5 X8,NA
357,X8 RxH:D / UnRx:G,INTERFERON_GAMMA_RESPONSE,Pt5 X8,NA
358,X8 RxH:D / UnRx:G,KRAS_SIGNALING_DN,Pt5 X8,-1.72686007016227
359,X8 RxH:D / UnRx:G,KRAS_SIGNALING_UP,Pt5 X8,NA
360,X8 RxH:D / UnRx:G,MITOTIC_SPINDLE,Pt5 X8,NA
361,X8 RxH:D / UnRx:G,MTORC1_SIGNALING,Pt5 X8,NA
362,X8 RxH:D / UnRx:G,MYC_TARGETS_V1,Pt5 X8,NA
363,X8 RxH:D / UnRx:G,MYC_TARGETS_V2,Pt5 X8,NA
364,X8 RxH:D / UnRx:G,MYOGENESIS,Pt5 X8,NA
365,X8 RxH:D / UnRx:G,OXIDATIVE_PHOSPHORYLATION,Pt5 X8,NA
366,X8 RxH:D / UnRx:G,P53_PATHWAY,Pt5 X8,NA
367,X8 RxH:D / UnRx:G,PEROXISOME,Pt5 X8,NA
368,X8 RxH:D / UnRx:G,REACTIVE_OXYGEN_SPECIES_PATHWAY,Pt5 X8,NA
369,X8 RxH:D / UnRx:G,SPERMATOGENESIS,Pt5 X8,NA
370,X8 RxH:D / UnRx:G,TGF_BETA_SIGNALING,Pt5 X8,NA
371,X8 RxH:D / UnRx:G,TNFA_SIGNALING_VIA_NFKB,Pt5 X8,NA
372,X8 RxH:D / UnRx:G,UNFOLDED_PROTEIN_RESPONSE,Pt5 X8,NA
373,X8 RxH:D / UnRx:G,UV_RESPONSE_UP,Pt5 X8,NA
374,X8 RxH:D / UnRx:G,XENOBIOTIC_METABOLISM,Pt5 X8,2.66672846826391
375,X10 Rx:A / UnRx:G,ALLOGRAFT_REJECTION,Pt5 X10,NA
376,X10 Rx:A / UnRx:G,APOPTOSIS,Pt5 X10,2.40335909334331
377,X10 Rx:A / UnRx:G,BILE_ACID_METABOLISM,Pt5 X10,NA
378,X10 Rx:A / UnRx:G,CHOLESTEROL_HOMEOSTASIS,Pt5 X10,NA
379,X10 Rx:A / UnRx:G,COMPLEMENT,Pt5 X10,NA
380,X10 Rx:A / UnRx:G,E2F_TARGETS,Pt5 X10,4.34369416845197
381,X10 Rx:A / UnRx:G,EPITHELIAL_MESENCHYMAL_TRANSITION,Pt5 X10,2.55547905626447
382,X10 Rx:A / UnRx:G,ESTROGEN_RESPONSE_EARLY,Pt5 X10,2.55953006445804
383,X10 Rx:A / UnRx:G,ESTROGEN_RESPONSE_LATE,Pt5 X10,2.63877248002652
384,X10 Rx:A / UnRx:G,FATTY_ACID_METABOLISM,Pt5 X10,NA
385,X10 Rx:A / UnRx:G,G2M_CHECKPOINT,Pt5 X10,3.73763231780491
386,X10 Rx:A / UnRx:G,GLYCOLYSIS,Pt5 X10,NA
387,X10 Rx:A / UnRx:G,HYPOXIA,Pt5 X10,NA
388,X10 Rx:A / UnRx:G,IL6_JAK_STAT3_SIGNALING,Pt5 X10,-1.63477550551673
389,X10 Rx:A / UnRx:G,INFLAMMATORY_RESPONSE,Pt5 X10,-2.38648488548503
390,X10 Rx:A / UnRx:G,INTERFERON_ALPHA_RESPONSE,Pt5 X10,2.39794677396219
391,X10 Rx:A / UnRx:G,INTERFERON_GAMMA_RESPONSE,Pt5 X10,-1.70173050820225
392,X10 Rx:A / UnRx:G,KRAS_SIGNALING_DN,Pt5 X10,NA
393,X10 Rx:A / UnRx:G,KRAS_SIGNALING_UP,Pt5 X10,NA
394,X10 Rx:A / UnRx:G,MITOTIC_SPINDLE,Pt5 X10,2.88976810319125
395,X10 Rx:A / UnRx:G,MTORC1_SIGNALING,Pt5 X10,NA
396,X10 Rx:A / UnRx:G,MYC_TARGETS_V1,Pt5 X10,NA
397,X10 Rx:A / UnRx:G,MYC_TARGETS_V2,Pt5 X10,NA
398,X10 Rx:A / UnRx:G,MYOGENESIS,Pt5 X10,NA
399,X10 Rx:A / UnRx:G,OXIDATIVE_PHOSPHORYLATION,Pt5 X10,NA
400,X10 Rx:A / UnRx:G,P53_PATHWAY,Pt5 X10,NA
401,X10 Rx:A / UnRx:G,PEROXISOME,Pt5 X10,2.43822112819535
402,X10 Rx:A / UnRx:G,REACTIVE_OXYGEN_SPECIES_PATHWAY,Pt5 X10,NA
403,X10 Rx:A / UnRx:G,SPERMATOGENESIS,Pt5 X10,NA
404,X10 Rx:A / UnRx:G,TGF_BETA_SIGNALING,Pt5 X10,NA
405,X10 Rx:A / UnRx:G,TNFA_SIGNALING_VIA_NFKB,Pt5 X10,-2.17526287512098
406,X10 Rx:A / UnRx:G,UNFOLDED_PROTEIN_RESPONSE,Pt5 X10,NA
407,X10 Rx:A / UnRx:G,UV_RESPONSE_UP,Pt5 X10,NA
408,X10 Rx:A / UnRx:G,XENOBIOTIC_METABOLISM,Pt5 X10,NA
409,X10 RxH:A / UnRx:G,ALLOGRAFT_REJECTION,Pt5 X10,NA
410,X10 RxH:A / UnRx:G,APOPTOSIS,Pt5 X10,NA
411,X10 RxH:A / UnRx:G,BILE_ACID_METABOLISM,Pt5 X10,NA
412,X10 RxH:A / UnRx:G,CHOLESTEROL_HOMEOSTASIS,Pt5 X10,NA
413,X10 RxH:A / UnRx:G,COMPLEMENT,Pt5 X10,NA
414,X10 RxH:A / UnRx:G,E2F_TARGETS,Pt5 X10,3.03094610614612
415,X10 RxH:A / UnRx:G,EPITHELIAL_MESENCHYMAL_TRANSITION,Pt5 X10,2.63127600104784
416,X10 RxH:A / UnRx:G,ESTROGEN_RESPONSE_EARLY,Pt5 X10,2.76159773461856
417,X10 RxH:A / UnRx:G,ESTROGEN_RESPONSE_LATE,Pt5 X10,3.40125027623609
418,X10 RxH:A / UnRx:G,FATTY_ACID_METABOLISM,Pt5 X10,NA
419,X10 RxH:A / UnRx:G,G2M_CHECKPOINT,Pt5 X10,3.05220223846378
420,X10 RxH:A / UnRx:G,GLYCOLYSIS,Pt5 X10,NA
421,X10 RxH:A / UnRx:G,HYPOXIA,Pt5 X10,NA
422,X10 RxH:A / UnRx:G,IL6_JAK_STAT3_SIGNALING,Pt5 X10,NA
423,X10 RxH:A / UnRx:G,INFLAMMATORY_RESPONSE,Pt5 X10,-2.00671829702989
424,X10 RxH:A / UnRx:G,INTERFERON_ALPHA_RESPONSE,Pt5 X10,2.54189357673788
425,X10 RxH:A / UnRx:G,INTERFERON_GAMMA_RESPONSE,Pt5 X10,NA
426,X10 RxH:A / UnRx:G,KRAS_SIGNALING_DN,Pt5 X10,2.55110762910917
427,X10 RxH:A / UnRx:G,KRAS_SIGNALING_UP,Pt5 X10,NA
428,X10 RxH:A / UnRx:G,MITOTIC_SPINDLE,Pt5 X10,NA
429,X10 RxH:A / UnRx:G,MTORC1_SIGNALING,Pt5 X10,NA
430,X10 RxH:A / UnRx:G,MYC_TARGETS_V1,Pt5 X10,NA
431,X10 RxH:A / UnRx:G,MYC_TARGETS_V2,Pt5 X10,NA
432,X10 RxH:A / UnRx:G,MYOGENESIS,Pt5 X10,NA
433,X10 RxH:A / UnRx:G,OXIDATIVE_PHOSPHORYLATION,Pt5 X10,NA
434,X10 RxH:A / UnRx:G,P53_PATHWAY,Pt5 X10,NA
435,X10 RxH:A / UnRx:G,PEROXISOME,Pt5 X10,NA
436,X10 RxH:A / UnRx:G,REACTIVE_OXYGEN_SPECIES_PATHWAY,Pt5 X10,NA
437,X10 RxH:A / UnRx:G,SPERMATOGENESIS,Pt5 X10,NA
438,X10 RxH:A / UnRx:G,TGF_BETA_SIGNALING,Pt5 X10,NA
439,X10 RxH:A / UnRx:G,TNFA_SIGNALING_VIA_NFKB,Pt5 X10,NA
440,X10 RxH:A / UnRx:G,UNFOLDED_PROTEIN_RESPONSE,Pt5 X10,NA
441,X10 RxH:A / UnRx:G,UV_RESPONSE_UP,Pt5 X10,NA
442,X10 RxH:A / UnRx:G,XENOBIOTIC_METABOLISM,Pt5 X10,NA
443,X10 RxH:E / UnRx:G,ALLOGRAFT_REJECTION,Pt5 X10,NA
444,X10 RxH:E / UnRx:G,APOPTOSIS,Pt5 X10,NA
445,X10 RxH:E / UnRx:G,BILE_ACID_METABOLISM,Pt5 X10,NA
446,X10 RxH:E / UnRx:G,CHOLESTEROL_HOMEOSTASIS,Pt5 X10,2.50738768431919
447,X10 RxH:E / UnRx:G,COMPLEMENT,Pt5 X10,NA
448,X10 RxH:E / UnRx:G,E2F_TARGETS,Pt5 X10,3.06773678406374
449,X10 RxH:E / UnRx:G,EPITHELIAL_MESENCHYMAL_TRANSITION,Pt5 X10,NA
450,X10 RxH:E / UnRx:G,ESTROGEN_RESPONSE_EARLY,Pt5 X10,2.5120543576637
451,X10 RxH:E / UnRx:G,ESTROGEN_RESPONSE_LATE,Pt5 X10,NA
452,X10 RxH:E / UnRx:G,FATTY_ACID_METABOLISM,Pt5 X10,2.58746071069386
453,X10 RxH:E / UnRx:G,G2M_CHECKPOINT,Pt5 X10,3.0185759097643
454,X10 RxH:E / UnRx:G,GLYCOLYSIS,Pt5 X10,NA
455,X10 RxH:E / UnRx:G,HYPOXIA,Pt5 X10,NA
456,X10 RxH:E / UnRx:G,IL6_JAK_STAT3_SIGNALING,Pt5 X10,NA
457,X10 RxH:E / UnRx:G,INFLAMMATORY_RESPONSE,Pt5 X10,NA
458,X10 RxH:E / UnRx:G,INTERFERON_ALPHA_RESPONSE,Pt5 X10,NA
459,X10 RxH:E / UnRx:G,INTERFERON_GAMMA_RESPONSE,Pt5 X10,NA
460,X10 RxH:E / UnRx:G,KRAS_SIGNALING_DN,Pt5 X10,2.50712669103302
461,X10 RxH:E / UnRx:G,KRAS_SIGNALING_UP,Pt5 X10,NA
462,X10 RxH:E / UnRx:G,MITOTIC_SPINDLE,Pt5 X10,NA
463,X10 RxH:E / UnRx:G,MTORC1_SIGNALING,Pt5 X10,2.98655730704491
464,X10 RxH:E / UnRx:G,MYC_TARGETS_V1,Pt5 X10,3.20060935751946
465,X10 RxH:E / UnRx:G,MYC_TARGETS_V2,Pt5 X10,2.59998484173119
466,X10 RxH:E / UnRx:G,MYOGENESIS,Pt5 X10,NA
467,X10 RxH:E / UnRx:G,OXIDATIVE_PHOSPHORYLATION,Pt5 X10,NA
468,X10 RxH:E / UnRx:G,P53_PATHWAY,Pt5 X10,NA
469,X10 RxH:E / UnRx:G,PEROXISOME,Pt5 X10,NA
470,X10 RxH:E / UnRx:G,REACTIVE_OXYGEN_SPECIES_PATHWAY,Pt5 X10,NA
471,X10 RxH:E / UnRx:G,SPERMATOGENESIS,Pt5 X10,NA
472,X10 RxH:E / UnRx:G,TGF_BETA_SIGNALING,Pt5 X10,NA
473,X10 RxH:E / UnRx:G,TNFA_SIGNALING_VIA_NFKB,Pt5 X10,2.50815175724431
474,X10 RxH:E / UnRx:G,UNFOLDED_PROTEIN_RESPONSE,Pt5 X10,NA
475,X10 RxH:E / UnRx:G,UV_RESPONSE_UP,Pt5 X10,NA
476,X10 RxH:E / UnRx:G,XENOBIOTIC_METABOLISM,Pt5 X10,NA
477,X5 Rx:B / UnRx:A,ALLOGRAFT_REJECTION,Pt6 X5,2.93221307910325
478,X5 Rx:B / UnRx:A,APOPTOSIS,Pt6 X5,NA
479,X5 Rx:B / UnRx:A,BILE_ACID_METABOLISM,Pt6 X5,NA
480,X5 Rx:B / UnRx:A,CHOLESTEROL_HOMEOSTASIS,Pt6 X5,-1.60532411256082
481,X5 Rx:B / UnRx:A,COMPLEMENT,Pt6 X5,NA
482,X5 Rx:B / UnRx:A,E2F_TARGETS,Pt6 X5,NA
483,X5 Rx:B / UnRx:A,EPITHELIAL_MESENCHYMAL_TRANSITION,Pt6 X5,NA
484,X5 Rx:B / UnRx:A,ESTROGEN_RESPONSE_EARLY,Pt6 X5,NA
485,X5 Rx:B / UnRx:A,ESTROGEN_RESPONSE_LATE,Pt6 X5,NA
486,X5 Rx:B / UnRx:A,FATTY_ACID_METABOLISM,Pt6 X5,NA
487,X5 Rx:B / UnRx:A,G2M_CHECKPOINT,Pt6 X5,NA
488,X5 Rx:B / UnRx:A,GLYCOLYSIS,Pt6 X5,-2.3705861962054
489,X5 Rx:B / UnRx:A,HYPOXIA,Pt6 X5,-2.10024398473939
490,X5 Rx:B / UnRx:A,IL6_JAK_STAT3_SIGNALING,Pt6 X5,NA
491,X5 Rx:B / UnRx:A,INFLAMMATORY_RESPONSE,Pt6 X5,NA
492,X5 Rx:B / UnRx:A,INTERFERON_ALPHA_RESPONSE,Pt6 X5,3.30105309156665
493,X5 Rx:B / UnRx:A,INTERFERON_GAMMA_RESPONSE,Pt6 X5,3.27680934042479
494,X5 Rx:B / UnRx:A,KRAS_SIGNALING_DN,Pt6 X5,2.49427598888925
495,X5 Rx:B / UnRx:A,KRAS_SIGNALING_UP,Pt6 X5,NA
496,X5 Rx:B / UnRx:A,MITOTIC_SPINDLE,Pt6 X5,NA
497,X5 Rx:B / UnRx:A,MTORC1_SIGNALING,Pt6 X5,-1.44973796213409
498,X5 Rx:B / UnRx:A,MYC_TARGETS_V1,Pt6 X5,-2.20967659830613
499,X5 Rx:B / UnRx:A,MYC_TARGETS_V2,Pt6 X5,NA
500,X5 Rx:B / UnRx:A,MYOGENESIS,Pt6 X5,NA
501,X5 Rx:B / UnRx:A,OXIDATIVE_PHOSPHORYLATION,Pt6 X5,NA
502,X5 Rx:B / UnRx:A,P53_PATHWAY,Pt6 X5,NA
503,X5 Rx:B / UnRx:A,PEROXISOME,Pt6 X5,-1.66464102504017
504,X5 Rx:B / UnRx:A,REACTIVE_OXYGEN_SPECIES_PATHWAY,Pt6 X5,NA
505,X5 Rx:B / UnRx:A,SPERMATOGENESIS,Pt6 X5,NA
506,X5 Rx:B / UnRx:A,TGF_BETA_SIGNALING,Pt6 X5,NA
507,X5 Rx:B / UnRx:A,TNFA_SIGNALING_VIA_NFKB,Pt6 X5,2.58516298113835
508,X5 Rx:B / UnRx:A,UNFOLDED_PROTEIN_RESPONSE,Pt6 X5,NA
509,X5 Rx:B / UnRx:A,UV_RESPONSE_UP,Pt6 X5,NA
510,X5 Rx:B / UnRx:A,XENOBIOTIC_METABOLISM,Pt6 X5,NA
511,X6 Rx:G / UnRx:G,ALLOGRAFT_REJECTION,Pt6 X6,3.07471787292916
512,X6 Rx:G / UnRx:G,APOPTOSIS,Pt6 X6,2.55744825618714
513,X6 Rx:G / UnRx:G,BILE_ACID_METABOLISM,Pt6 X6,2.61344961213943
514,X6 Rx:G / UnRx:G,CHOLESTEROL_HOMEOSTASIS,Pt6 X6,NA
515,X6 Rx:G / UnRx:G,COMPLEMENT,Pt6 X6,2.95742198514574
516,X6 Rx:G / UnRx:G,E2F_TARGETS,Pt6 X6,-2.52523644149459
517,X6 Rx:G / UnRx:G,EPITHELIAL_MESENCHYMAL_TRANSITION,Pt6 X6,-2.50181910882872
518,X6 Rx:G / UnRx:G,ESTROGEN_RESPONSE_EARLY,Pt6 X6,NA
519,X6 Rx:G / UnRx:G,ESTROGEN_RESPONSE_LATE,Pt6 X6,NA
520,X6 Rx:G / UnRx:G,FATTY_ACID_METABOLISM,Pt6 X6,NA
521,X6 Rx:G / UnRx:G,G2M_CHECKPOINT,Pt6 X6,-2.0153727435401
522,X6 Rx:G / UnRx:G,GLYCOLYSIS,Pt6 X6,-3.30615014452256
523,X6 Rx:G / UnRx:G,HYPOXIA,Pt6 X6,-3.74696120567721
524,X6 Rx:G / UnRx:G,IL6_JAK_STAT3_SIGNALING,Pt6 X6,NA
525,X6 Rx:G / UnRx:G,INFLAMMATORY_RESPONSE,Pt6 X6,2.76298627930131
526,X6 Rx:G / UnRx:G,INTERFERON_ALPHA_RESPONSE,Pt6 X6,3.77293473633647
527,X6 Rx:G / UnRx:G,INTERFERON_GAMMA_RESPONSE,Pt6 X6,3.88623504204389
528,X6 Rx:G / UnRx:G,KRAS_SIGNALING_DN,Pt6 X6,NA
529,X6 Rx:G / UnRx:G,KRAS_SIGNALING_UP,Pt6 X6,NA
530,X6 Rx:G / UnRx:G,MITOTIC_SPINDLE,Pt6 X6,NA
531,X6 Rx:G / UnRx:G,MTORC1_SIGNALING,Pt6 X6,-2.25884586425281
532,X6 Rx:G / UnRx:G,MYC_TARGETS_V1,Pt6 X6,-3.3177928672021
533,X6 Rx:G / UnRx:G,MYC_TARGETS_V2,Pt6 X6,NA
534,X6 Rx:G / UnRx:G,MYOGENESIS,Pt6 X6,NA
535,X6 Rx:G / UnRx:G,OXIDATIVE_PHOSPHORYLATION,Pt6 X6,-1.98566960045319
536,X6 Rx:G / UnRx:G,P53_PATHWAY,Pt6 X6,NA
537,X6 Rx:G / UnRx:G,PEROXISOME,Pt6 X6,NA
538,X6 Rx:G / UnRx:G,REACTIVE_OXYGEN_SPECIES_PATHWAY,Pt6 X6,NA
539,X6 Rx:G / UnRx:G,SPERMATOGENESIS,Pt6 X6,NA
540,X6 Rx:G / UnRx:G,TGF_BETA_SIGNALING,Pt6 X6,NA
541,X6 Rx:G / UnRx:G,TNFA_SIGNALING_VIA_NFKB,Pt6 X6,2.77067237581261
542,X6 Rx:G / UnRx:G,UNFOLDED_PROTEIN_RESPONSE,Pt6 X6,NA
543,X6 Rx:G / UnRx:G,UV_RESPONSE_UP,Pt6 X6,NA
544,X6 Rx:G / UnRx:G,XENOBIOTIC_METABOLISM,Pt6 X6,NA
545,X6 RxH:B / UnRx:G,ALLOGRAFT_REJECTION,Pt6 X6,2.50095351367514
546,X6 RxH:B / UnRx:G,APOPTOSIS,Pt6 X6,2.59578932009291
547,X6 RxH:B / UnRx:G,BILE_ACID_METABOLISM,Pt6 X6,NA
548,X6 RxH:B / UnRx:G,CHOLESTEROL_HOMEOSTASIS,Pt6 X6,NA
549,X6 RxH:B / UnRx:G,COMPLEMENT,Pt6 X6,NA
550,X6 RxH:B / UnRx:G,E2F_TARGETS,Pt6 X6,-3.75831973073822
551,X6 RxH:B / UnRx:G,EPITHELIAL_MESENCHYMAL_TRANSITION,Pt6 X6,2.59957853718031
552,X6 RxH:B / UnRx:G,ESTROGEN_RESPONSE_EARLY,Pt6 X6,NA
553,X6 RxH:B / UnRx:G,ESTROGEN_RESPONSE_LATE,Pt6 X6,NA
554,X6 RxH:B / UnRx:G,FATTY_ACID_METABOLISM,Pt6 X6,-1.67585119734076
555,X6 RxH:B / UnRx:G,G2M_CHECKPOINT,Pt6 X6,-2.1119641537341
556,X6 RxH:B / UnRx:G,GLYCOLYSIS,Pt6 X6,-2.74152127368948
557,X6 RxH:B / UnRx:G,HYPOXIA,Pt6 X6,-1.87743271002274
558,X6 RxH:B / UnRx:G,IL6_JAK_STAT3_SIGNALING,Pt6 X6,NA
559,X6 RxH:B / UnRx:G,INFLAMMATORY_RESPONSE,Pt6 X6,NA
560,X6 RxH:B / UnRx:G,INTERFERON_ALPHA_RESPONSE,Pt6 X6,3.57330758345654
561,X6 RxH:B / UnRx:G,INTERFERON_GAMMA_RESPONSE,Pt6 X6,3.60429412740369
562,X6 RxH:B / UnRx:G,KRAS_SIGNALING_DN,Pt6 X6,3.09736069493312
563,X6 RxH:B / UnRx:G,KRAS_SIGNALING_UP,Pt6 X6,NA
564,X6 RxH:B / UnRx:G,MITOTIC_SPINDLE,Pt6 X6,NA
565,X6 RxH:B / UnRx:G,MTORC1_SIGNALING,Pt6 X6,-2.59989271579421
566,X6 RxH:B / UnRx:G,MYC_TARGETS_V1,Pt6 X6,-2.90680527904693
567,X6 RxH:B / UnRx:G,MYC_TARGETS_V2,Pt6 X6,NA
568,X6 RxH:B / UnRx:G,MYOGENESIS,Pt6 X6,NA
569,X6 RxH:B / UnRx:G,OXIDATIVE_PHOSPHORYLATION,Pt6 X6,-2.41635749621896
570,X6 RxH:B / UnRx:G,P53_PATHWAY,Pt6 X6,NA
571,X6 RxH:B / UnRx:G,PEROXISOME,Pt6 X6,NA
572,X6 RxH:B / UnRx:G,REACTIVE_OXYGEN_SPECIES_PATHWAY,Pt6 X6,NA
573,X6 RxH:B / UnRx:G,SPERMATOGENESIS,Pt6 X6,NA
574,X6 RxH:B / UnRx:G,TGF_BETA_SIGNALING,Pt6 X6,NA
575,X6 RxH:B / UnRx:G,TNFA_SIGNALING_VIA_NFKB,Pt6 X6,3.83494623647338
576,X6 RxH:B / UnRx:G,UNFOLDED_PROTEIN_RESPONSE,Pt6 X6,-2.54522542575137
577,X6 RxH:B / UnRx:G,UV_RESPONSE_UP,Pt6 X6,NA
578,X6 RxH:B / UnRx:G,XENOBIOTIC_METABOLISM,Pt6 X6,NA
579,X7 Rx:G / UnRx:E,ALLOGRAFT_REJECTION,Pt6 X7G,NA
580,X7 Rx:G / UnRx:E,APOPTOSIS,Pt6 X7G,NA
581,X7 Rx:G / UnRx:E,BILE_ACID_METABOLISM,Pt6 X7G,NA
582,X7 Rx:G / UnRx:E,CHOLESTEROL_HOMEOSTASIS,Pt6 X7G,NA
583,X7 Rx:G / UnRx:E,COMPLEMENT,Pt6 X7G,NA
584,X7 Rx:G / UnRx:E,E2F_TARGETS,Pt6 X7G,NA
585,X7 Rx:G / UnRx:E,EPITHELIAL_MESENCHYMAL_TRANSITION,Pt6 X7G,-3.38304194560587
586,X7 Rx:G / UnRx:E,ESTROGEN_RESPONSE_EARLY,Pt6 X7G,NA
587,X7 Rx:G / UnRx:E,ESTROGEN_RESPONSE_LATE,Pt6 X7G,NA
588,X7 Rx:G / UnRx:E,FATTY_ACID_METABOLISM,Pt6 X7G,NA
589,X7 Rx:G / UnRx:E,G2M_CHECKPOINT,Pt6 X7G,NA
590,X7 Rx:G / UnRx:E,GLYCOLYSIS,Pt6 X7G,-2.13019676946693
591,X7 Rx:G / UnRx:E,HYPOXIA,Pt6 X7G,-3.41932253461595
592,X7 Rx:G / UnRx:E,IL6_JAK_STAT3_SIGNALING,Pt6 X7G,NA
593,X7 Rx:G / UnRx:E,INFLAMMATORY_RESPONSE,Pt6 X7G,NA
594,X7 Rx:G / UnRx:E,INTERFERON_ALPHA_RESPONSE,Pt6 X7G,NA
595,X7 Rx:G / UnRx:E,INTERFERON_GAMMA_RESPONSE,Pt6 X7G,NA
596,X7 Rx:G / UnRx:E,KRAS_SIGNALING_DN,Pt6 X7G,NA
597,X7 Rx:G / UnRx:E,KRAS_SIGNALING_UP,Pt6 X7G,-1.53805984854302
598,X7 Rx:G / UnRx:E,MITOTIC_SPINDLE,Pt6 X7G,NA
599,X7 Rx:G / UnRx:E,MTORC1_SIGNALING,Pt6 X7G,-1.57118648118295
600,X7 Rx:G / UnRx:E,MYC_TARGETS_V1,Pt6 X7G,NA
601,X7 Rx:G / UnRx:E,MYC_TARGETS_V2,Pt6 X7G,NA
602,X7 Rx:G / UnRx:E,MYOGENESIS,Pt6 X7G,-1.79080786119278
603,X7 Rx:G / UnRx:E,OXIDATIVE_PHOSPHORYLATION,Pt6 X7G,NA
604,X7 Rx:G / UnRx:E,P53_PATHWAY,Pt6 X7G,NA
605,X7 Rx:G / UnRx:E,PEROXISOME,Pt6 X7G,NA
606,X7 Rx:G / UnRx:E,REACTIVE_OXYGEN_SPECIES_PATHWAY,Pt6 X7G,NA
607,X7 Rx:G / UnRx:E,SPERMATOGENESIS,Pt6 X7G,NA
608,X7 Rx:G / UnRx:E,TGF_BETA_SIGNALING,Pt6 X7G,NA
609,X7 Rx:G / UnRx:E,TNFA_SIGNALING_VIA_NFKB,Pt6 X7G,2.72131553679924
610,X7 Rx:G / UnRx:E,UNFOLDED_PROTEIN_RESPONSE,Pt6 X7G,NA
611,X7 Rx:G / UnRx:E,UV_RESPONSE_UP,Pt6 X7G,NA
612,X7 Rx:G / UnRx:E,XENOBIOTIC_METABOLISM,Pt6 X7G,NA
613,X7 RxH:G / UnRx:E,ALLOGRAFT_REJECTION,Pt6 X7G,NA
614,X7 RxH:G / UnRx:E,APOPTOSIS,Pt6 X7G,NA
615,X7 RxH:G / UnRx:E,BILE_ACID_METABOLISM,Pt6 X7G,NA
616,X7 RxH:G / UnRx:E,CHOLESTEROL_HOMEOSTASIS,Pt6 X7G,NA
617,X7 RxH:G / UnRx:E,COMPLEMENT,Pt6 X7G,NA
618,X7 RxH:G / UnRx:E,E2F_TARGETS,Pt6 X7G,NA
619,X7 RxH:G / UnRx:E,EPITHELIAL_MESENCHYMAL_TRANSITION,Pt6 X7G,-2.71926273169076
620,X7 RxH:G / UnRx:E,ESTROGEN_RESPONSE_EARLY,Pt6 X7G,NA
621,X7 RxH:G / UnRx:E,ESTROGEN_RESPONSE_LATE,Pt6 X7G,NA
622,X7 RxH:G / UnRx:E,FATTY_ACID_METABOLISM,Pt6 X7G,NA
623,X7 RxH:G / UnRx:E,G2M_CHECKPOINT,Pt6 X7G,NA
624,X7 RxH:G / UnRx:E,GLYCOLYSIS,Pt6 X7G,-1.46223714225777
625,X7 RxH:G / UnRx:E,HYPOXIA,Pt6 X7G,-2.81862561596155
626,X7 RxH:G / UnRx:E,IL6_JAK_STAT3_SIGNALING,Pt6 X7G,NA
627,X7 RxH:G / UnRx:E,INFLAMMATORY_RESPONSE,Pt6 X7G,NA
628,X7 RxH:G / UnRx:E,INTERFERON_ALPHA_RESPONSE,Pt6 X7G,-1.55117300924833
629,X7 RxH:G / UnRx:E,INTERFERON_GAMMA_RESPONSE,Pt6 X7G,-1.72169142344499
630,X7 RxH:G / UnRx:E,KRAS_SIGNALING_DN,Pt6 X7G,NA
631,X7 RxH:G / UnRx:E,KRAS_SIGNALING_UP,Pt6 X7G,-1.55191600625847
632,X7 RxH:G / UnRx:E,MITOTIC_SPINDLE,Pt6 X7G,NA
633,X7 RxH:G / UnRx:E,MTORC1_SIGNALING,Pt6 X7G,NA
634,X7 RxH:G / UnRx:E,MYC_TARGETS_V1,Pt6 X7G,NA
635,X7 RxH:G / UnRx:E,MYC_TARGETS_V2,Pt6 X7G,NA
636,X7 RxH:G / UnRx:E,MYOGENESIS,Pt6 X7G,-2.02883650334968
637,X7 RxH:G / UnRx:E,OXIDATIVE_PHOSPHORYLATION,Pt6 X7G,NA
638,X7 RxH:G / UnRx:E,P53_PATHWAY,Pt6 X7G,NA
639,X7 RxH:G / UnRx:E,PEROXISOME,Pt6 X7G,NA
640,X7 RxH:G / UnRx:E,REACTIVE_OXYGEN_SPECIES_PATHWAY,Pt6 X7G,NA
641,X7 RxH:G / UnRx:E,SPERMATOGENESIS,Pt6 X7G,NA
642,X7 RxH:G / UnRx:E,TGF_BETA_SIGNALING,Pt6 X7G,NA
643,X7 RxH:G / UnRx:E,TNFA_SIGNALING_VIA_NFKB,Pt6 X7G,-1.66591520103739
644,X7 RxH:G / UnRx:E,UNFOLDED_PROTEIN_RESPONSE,Pt6 X7G,-1.70396467755675
645,X7 RxH:G / UnRx:E,UV_RESPONSE_UP,Pt6 X7G,NA
646,X7 RxH:G / UnRx:E,XENOBIOTIC_METABOLISM,Pt6 X7G,NA
647,X8 Rx:G / UnRx:E,ALLOGRAFT_REJECTION,Pt6 X8G,NA
648,X8 Rx:G / UnRx:E,APOPTOSIS,Pt6 X8G,NA
649,X8 Rx:G / UnRx:E,BILE_ACID_METABOLISM,Pt6 X8G,NA
650,X8 Rx:G / UnRx:E,CHOLESTEROL_HOMEOSTASIS,Pt6 X8G,-1.91319583086295
651,X8 Rx:G / UnRx:E,COMPLEMENT,Pt6 X8G,NA
652,X8 Rx:G / UnRx:E,E2F_TARGETS,Pt6 X8G,-1.5297906307497
653,X8 Rx:G / UnRx:E,EPITHELIAL_MESENCHYMAL_TRANSITION,Pt6 X8G,NA
654,X8 Rx:G / UnRx:E,ESTROGEN_RESPONSE_EARLY,Pt6 X8G,NA
655,X8 Rx:G / UnRx:E,ESTROGEN_RESPONSE_LATE,Pt6 X8G,NA
656,X8 Rx:G / UnRx:E,FATTY_ACID_METABOLISM,Pt6 X8G,-1.45800828194147
657,X8 Rx:G / UnRx:E,G2M_CHECKPOINT,Pt6 X8G,NA
658,X8 Rx:G / UnRx:E,GLYCOLYSIS,Pt6 X8G,NA
659,X8 Rx:G / UnRx:E,HYPOXIA,Pt6 X8G,NA
660,X8 Rx:G / UnRx:E,IL6_JAK_STAT3_SIGNALING,Pt6 X8G,NA
661,X8 Rx:G / UnRx:E,INFLAMMATORY_RESPONSE,Pt6 X8G,NA
662,X8 Rx:G / UnRx:E,INTERFERON_ALPHA_RESPONSE,Pt6 X8G,3.66408853866204
663,X8 Rx:G / UnRx:E,INTERFERON_GAMMA_RESPONSE,Pt6 X8G,3.54291489339891
664,X8 Rx:G / UnRx:E,KRAS_SIGNALING_DN,Pt6 X8G,NA
665,X8 Rx:G / UnRx:E,KRAS_SIGNALING_UP,Pt6 X8G,NA
666,X8 Rx:G / UnRx:E,MITOTIC_SPINDLE,Pt6 X8G,NA
667,X8 Rx:G / UnRx:E,MTORC1_SIGNALING,Pt6 X8G,NA
668,X8 Rx:G / UnRx:E,MYC_TARGETS_V1,Pt6 X8G,NA
669,X8 Rx:G / UnRx:E,MYC_TARGETS_V2,Pt6 X8G,NA
670,X8 Rx:G / UnRx:E,MYOGENESIS,Pt6 X8G,NA
671,X8 Rx:G / UnRx:E,OXIDATIVE_PHOSPHORYLATION,Pt6 X8G,3.84895619285009
672,X8 Rx:G / UnRx:E,P53_PATHWAY,Pt6 X8G,NA
673,X8 Rx:G / UnRx:E,PEROXISOME,Pt6 X8G,NA
674,X8 Rx:G / UnRx:E,REACTIVE_OXYGEN_SPECIES_PATHWAY,Pt6 X8G,NA
675,X8 Rx:G / UnRx:E,SPERMATOGENESIS,Pt6 X8G,NA
676,X8 Rx:G / UnRx:E,TGF_BETA_SIGNALING,Pt6 X8G,NA
677,X8 Rx:G / UnRx:E,TNFA_SIGNALING_VIA_NFKB,Pt6 X8G,NA
678,X8 Rx:G / UnRx:E,UNFOLDED_PROTEIN_RESPONSE,Pt6 X8G,NA
679,X8 Rx:G / UnRx:E,UV_RESPONSE_UP,Pt6 X8G,-1.48238360327673
680,X8 Rx:G / UnRx:E,XENOBIOTIC_METABOLISM,Pt6 X8G,NA
681,X8 RxH:G / UnRx:E,ALLOGRAFT_REJECTION,Pt6 X8G,NA
682,X8 RxH:G / UnRx:E,APOPTOSIS,Pt6 X8G,NA
683,X8 RxH:G / UnRx:E,BILE_ACID_METABOLISM,Pt6 X8G,NA
684,X8 RxH:G / UnRx:E,CHOLESTEROL_HOMEOSTASIS,Pt6 X8G,NA
685,X8 RxH:G / UnRx:E,COMPLEMENT,Pt6 X8G,NA
686,X8 RxH:G / UnRx:E,E2F_TARGETS,Pt6 X8G,NA
687,X8 RxH:G / UnRx:E,EPITHELIAL_MESENCHYMAL_TRANSITION,Pt6 X8G,NA
688,X8 RxH:G / UnRx:E,ESTROGEN_RESPONSE_EARLY,Pt6 X8G,NA
689,X8 RxH:G / UnRx:E,ESTROGEN_RESPONSE_LATE,Pt6 X8G,NA
690,X8 RxH:G / UnRx:E,FATTY_ACID_METABOLISM,Pt6 X8G,NA
691,X8 RxH:G / UnRx:E,G2M_CHECKPOINT,Pt6 X8G,NA
692,X8 RxH:G / UnRx:E,GLYCOLYSIS,Pt6 X8G,NA
693,X8 RxH:G / UnRx:E,HYPOXIA,Pt6 X8G,NA
694,X8 RxH:G / UnRx:E,IL6_JAK_STAT3_SIGNALING,Pt6 X8G,NA
695,X8 RxH:G / UnRx:E,INFLAMMATORY_RESPONSE,Pt6 X8G,NA
696,X8 RxH:G / UnRx:E,INTERFERON_ALPHA_RESPONSE,Pt6 X8G,NA
697,X8 RxH:G / UnRx:E,INTERFERON_GAMMA_RESPONSE,Pt6 X8G,NA
698,X8 RxH:G / UnRx:E,KRAS_SIGNALING_DN,Pt6 X8G,NA
699,X8 RxH:G / UnRx:E,KRAS_SIGNALING_UP,Pt6 X8G,NA
700,X8 RxH:G / UnRx:E,MITOTIC_SPINDLE,Pt6 X8G,NA
701,X8 RxH:G / UnRx:E,MTORC1_SIGNALING,Pt6 X8G,NA
702,X8 RxH:G / UnRx:E,MYC_TARGETS_V1,Pt6 X8G,2.79274883328734
703,X8 RxH:G / UnRx:E,MYC_TARGETS_V2,Pt6 X8G,NA
704,X8 RxH:G / UnRx:E,MYOGENESIS,Pt6 X8G,NA
705,X8 RxH:G / UnRx:E,OXIDATIVE_PHOSPHORYLATION,Pt6 X8G,NA
706,X8 RxH:G / UnRx:E,P53_PATHWAY,Pt6 X8G,NA
707,X8 RxH:G / UnRx:E,PEROXISOME,Pt6 X8G,NA
708,X8 RxH:G / UnRx:E,REACTIVE_OXYGEN_SPECIES_PATHWAY,Pt6 X8G,NA
709,X8 RxH:G / UnRx:E,SPERMATOGENESIS,Pt6 X8G,NA
710,X8 RxH:G / UnRx:E,TGF_BETA_SIGNALING,Pt6 X8G,NA
711,X8 RxH:G / UnRx:E,TNFA_SIGNALING_VIA_NFKB,Pt6 X8G,2.96373026264835
712,X8 RxH:G / UnRx:E,UNFOLDED_PROTEIN_RESPONSE,Pt6 X8G,NA
713,X8 RxH:G / UnRx:E,UV_RESPONSE_UP,Pt6 X8G,NA
714,X8 RxH:G / UnRx:E,XENOBIOTIC_METABOLISM,Pt6 X8G,NA
715,X7 Rx:H / UnRx:E,ALLOGRAFT_REJECTION,Pt6 X7H,-1.69215148788018
716,X7 Rx:H / UnRx:E,APOPTOSIS,Pt6 X7H,-2.12566284276789
717,X7 Rx:H / UnRx:E,BILE_ACID_METABOLISM,Pt6 X7H,NA
718,X7 Rx:H / UnRx:E,CHOLESTEROL_HOMEOSTASIS,Pt6 X7H,NA
719,X7 Rx:H / UnRx:E,COMPLEMENT,Pt6 X7H,NA
720,X7 Rx:H / UnRx:E,E2F_TARGETS,Pt6 X7H,NA
721,X7 Rx:H / UnRx:E,EPITHELIAL_MESENCHYMAL_TRANSITION,Pt6 X7H,-2.85674174922003
722,X7 Rx:H / UnRx:E,ESTROGEN_RESPONSE_EARLY,Pt6 X7H,NA
723,X7 Rx:H / UnRx:E,ESTROGEN_RESPONSE_LATE,Pt6 X7H,NA
724,X7 Rx:H / UnRx:E,FATTY_ACID_METABOLISM,Pt6 X7H,NA
725,X7 Rx:H / UnRx:E,G2M_CHECKPOINT,Pt6 X7H,NA
726,X7 Rx:H / UnRx:E,GLYCOLYSIS,Pt6 X7H,-1.9708572073155
727,X7 Rx:H / UnRx:E,HYPOXIA,Pt6 X7H,-4.21580082682426
728,X7 Rx:H / UnRx:E,IL6_JAK_STAT3_SIGNALING,Pt6 X7H,-1.89141692274663
729,X7 Rx:H / UnRx:E,INFLAMMATORY_RESPONSE,Pt6 X7H,-2.05401435816887
730,X7 Rx:H / UnRx:E,INTERFERON_ALPHA_RESPONSE,Pt6 X7H,2.72242597598061
731,X7 Rx:H / UnRx:E,INTERFERON_GAMMA_RESPONSE,Pt6 X7H,NA
732,X7 Rx:H / UnRx:E,KRAS_SIGNALING_DN,Pt6 X7H,NA
733,X7 Rx:H / UnRx:E,KRAS_SIGNALING_UP,Pt6 X7H,-1.82537433594805
734,X7 Rx:H / UnRx:E,MITOTIC_SPINDLE,Pt6 X7H,NA
735,X7 Rx:H / UnRx:E,MTORC1_SIGNALING,Pt6 X7H,-1.38344396924022
736,X7 Rx:H / UnRx:E,MYC_TARGETS_V1,Pt6 X7H,NA
737,X7 Rx:H / UnRx:E,MYC_TARGETS_V2,Pt6 X7H,NA
738,X7 Rx:H / UnRx:E,MYOGENESIS,Pt6 X7H,NA
739,X7 Rx:H / UnRx:E,OXIDATIVE_PHOSPHORYLATION,Pt6 X7H,NA
740,X7 Rx:H / UnRx:E,P53_PATHWAY,Pt6 X7H,-1.41828173356363
741,X7 Rx:H / UnRx:E,PEROXISOME,Pt6 X7H,NA
742,X7 Rx:H / UnRx:E,REACTIVE_OXYGEN_SPECIES_PATHWAY,Pt6 X7H,NA
743,X7 Rx:H / UnRx:E,SPERMATOGENESIS,Pt6 X7H,NA
744,X7 Rx:H / UnRx:E,TGF_BETA_SIGNALING,Pt6 X7H,NA
745,X7 Rx:H / UnRx:E,TNFA_SIGNALING_VIA_NFKB,Pt6 X7H,-3.0672537238839
746,X7 Rx:H / UnRx:E,UNFOLDED_PROTEIN_RESPONSE,Pt6 X7H,-2.00638263408574
747,X7 Rx:H / UnRx:E,UV_RESPONSE_UP,Pt6 X7H,NA
748,X7 Rx:H / UnRx:E,XENOBIOTIC_METABOLISM,Pt6 X7H,NA
749,X7 RxH:H / UnRx:E,ALLOGRAFT_REJECTION,Pt6 X7H,NA
750,X7 RxH:H / UnRx:E,APOPTOSIS,Pt6 X7H,-1.73622302849069
751,X7 RxH:H / UnRx:E,BILE_ACID_METABOLISM,Pt6 X7H,NA
752,X7 RxH:H / UnRx:E,CHOLESTEROL_HOMEOSTASIS,Pt6 X7H,NA
753,X7 RxH:H / UnRx:E,COMPLEMENT,Pt6 X7H,NA
754,X7 RxH:H / UnRx:E,E2F_TARGETS,Pt6 X7H,NA
755,X7 RxH:H / UnRx:E,EPITHELIAL_MESENCHYMAL_TRANSITION,Pt6 X7H,-2.71359140159748
756,X7 RxH:H / UnRx:E,ESTROGEN_RESPONSE_EARLY,Pt6 X7H,NA
757,X7 RxH:H / UnRx:E,ESTROGEN_RESPONSE_LATE,Pt6 X7H,NA
758,X7 RxH:H / UnRx:E,FATTY_ACID_METABOLISM,Pt6 X7H,NA
759,X7 RxH:H / UnRx:E,G2M_CHECKPOINT,Pt6 X7H,NA
760,X7 RxH:H / UnRx:E,GLYCOLYSIS,Pt6 X7H,-1.76942066985255
761,X7 RxH:H / UnRx:E,HYPOXIA,Pt6 X7H,-3.2360975131732
762,X7 RxH:H / UnRx:E,IL6_JAK_STAT3_SIGNALING,Pt6 X7H,NA
763,X7 RxH:H / UnRx:E,INFLAMMATORY_RESPONSE,Pt6 X7H,NA
764,X7 RxH:H / UnRx:E,INTERFERON_ALPHA_RESPONSE,Pt6 X7H,NA
765,X7 RxH:H / UnRx:E,INTERFERON_GAMMA_RESPONSE,Pt6 X7H,NA
766,X7 RxH:H / UnRx:E,KRAS_SIGNALING_DN,Pt6 X7H,NA
767,X7 RxH:H / UnRx:E,KRAS_SIGNALING_UP,Pt6 X7H,-1.79438872804187
768,X7 RxH:H / UnRx:E,MITOTIC_SPINDLE,Pt6 X7H,NA
769,X7 RxH:H / UnRx:E,MTORC1_SIGNALING,Pt6 X7H,-2.39824271557832
770,X7 RxH:H / UnRx:E,MYC_TARGETS_V1,Pt6 X7H,NA
771,X7 RxH:H / UnRx:E,MYC_TARGETS_V2,Pt6 X7H,NA
772,X7 RxH:H / UnRx:E,MYOGENESIS,Pt6 X7H,NA
773,X7 RxH:H / UnRx:E,OXIDATIVE_PHOSPHORYLATION,Pt6 X7H,NA
774,X7 RxH:H / UnRx:E,P53_PATHWAY,Pt6 X7H,-1.6877961071461
775,X7 RxH:H / UnRx:E,PEROXISOME,Pt6 X7H,NA
776,X7 RxH:H / UnRx:E,REACTIVE_OXYGEN_SPECIES_PATHWAY,Pt6 X7H,NA
777,X7 RxH:H / UnRx:E,SPERMATOGENESIS,Pt6 X7H,NA
778,X7 RxH:H / UnRx:E,TGF_BETA_SIGNALING,Pt6 X7H,NA
779,X7 RxH:H / UnRx:E,TNFA_SIGNALING_VIA_NFKB,Pt6 X7H,-2.1831843849731
780,X7 RxH:H / UnRx:E,UNFOLDED_PROTEIN_RESPONSE,Pt6 X7H,-2.06985651641395
781,X7 RxH:H / UnRx:E,UV_RESPONSE_UP,Pt6 X7H,NA
782,X7 RxH:H / UnRx:E,XENOBIOTIC_METABOLISM,Pt6 X7H,NA
783,X8 Rx:H / UnRx:E,ALLOGRAFT_REJECTION,Pt6 X8H,NA
784,X8 Rx:H / UnRx:E,APOPTOSIS,Pt6 X8H,-1.79501262913992
785,X8 Rx:H / UnRx:E,BILE_ACID_METABOLISM,Pt6 X8H,-1.38208896254365
786,X8 Rx:H / UnRx:E,CHOLESTEROL_HOMEOSTASIS,Pt6 X8H,-1.44332939871803
787,X8 Rx:H / UnRx:E,COMPLEMENT,Pt6 X8H,NA
788,X8 Rx:H / UnRx:E,E2F_TARGETS,Pt6 X8H,NA
789,X8 Rx:H / UnRx:E,EPITHELIAL_MESENCHYMAL_TRANSITION,Pt6 X8H,-2.68519612262099
790,X8 Rx:H / UnRx:E,ESTROGEN_RESPONSE_EARLY,Pt6 X8H,NA
791,X8 Rx:H / UnRx:E,ESTROGEN_RESPONSE_LATE,Pt6 X8H,NA
792,X8 Rx:H / UnRx:E,FATTY_ACID_METABOLISM,Pt6 X8H,-1.58322243841052
793,X8 Rx:H / UnRx:E,G2M_CHECKPOINT,Pt6 X8H,NA
794,X8 Rx:H / UnRx:E,GLYCOLYSIS,Pt6 X8H,-1.8747321490783
795,X8 Rx:H / UnRx:E,HYPOXIA,Pt6 X8H,-2.56318359330128
796,X8 Rx:H / UnRx:E,IL6_JAK_STAT3_SIGNALING,Pt6 X8H,NA
797,X8 Rx:H / UnRx:E,INFLAMMATORY_RESPONSE,Pt6 X8H,-1.37998734684695
798,X8 Rx:H / UnRx:E,INTERFERON_ALPHA_RESPONSE,Pt6 X8H,3.76248751461769
799,X8 Rx:H / UnRx:E,INTERFERON_GAMMA_RESPONSE,Pt6 X8H,3.63139974316901
800,X8 Rx:H / UnRx:E,KRAS_SIGNALING_DN,Pt6 X8H,NA
801,X8 Rx:H / UnRx:E,KRAS_SIGNALING_UP,Pt6 X8H,-1.99235499849164
802,X8 Rx:H / UnRx:E,MITOTIC_SPINDLE,Pt6 X8H,NA
803,X8 Rx:H / UnRx:E,MTORC1_SIGNALING,Pt6 X8H,-1.55774913167868
804,X8 Rx:H / UnRx:E,MYC_TARGETS_V1,Pt6 X8H,NA
805,X8 Rx:H / UnRx:E,MYC_TARGETS_V2,Pt6 X8H,NA
806,X8 Rx:H / UnRx:E,MYOGENESIS,Pt6 X8H,NA
807,X8 Rx:H / UnRx:E,OXIDATIVE_PHOSPHORYLATION,Pt6 X8H,3.82028980948336
808,X8 Rx:H / UnRx:E,P53_PATHWAY,Pt6 X8H,NA
809,X8 Rx:H / UnRx:E,PEROXISOME,Pt6 X8H,-1.42914818422605
810,X8 Rx:H / UnRx:E,REACTIVE_OXYGEN_SPECIES_PATHWAY,Pt6 X8H,NA
811,X8 Rx:H / UnRx:E,SPERMATOGENESIS,Pt6 X8H,NA
812,X8 Rx:H / UnRx:E,TGF_BETA_SIGNALING,Pt6 X8H,NA
813,X8 Rx:H / UnRx:E,TNFA_SIGNALING_VIA_NFKB,Pt6 X8H,-1.69086437767005
814,X8 Rx:H / UnRx:E,UNFOLDED_PROTEIN_RESPONSE,Pt6 X8H,NA
815,X8 Rx:H / UnRx:E,UV_RESPONSE_UP,Pt6 X8H,-1.50882535664954
816,X8 Rx:H / UnRx:E,XENOBIOTIC_METABOLISM,Pt6 X8H,NA
817,X8 RxH:H / UnRx:E,ALLOGRAFT_REJECTION,Pt6 X8H,NA
818,X8 RxH:H / UnRx:E,APOPTOSIS,Pt6 X8H,NA
819,X8 RxH:H / UnRx:E,BILE_ACID_METABOLISM,Pt6 X8H,-2.22154372140789
820,X8 RxH:H / UnRx:E,CHOLESTEROL_HOMEOSTASIS,Pt6 X8H,NA
821,X8 RxH:H / UnRx:E,COMPLEMENT,Pt6 X8H,NA
822,X8 RxH:H / UnRx:E,E2F_TARGETS,Pt6 X8H,NA
823,X8 RxH:H / UnRx:E,EPITHELIAL_MESENCHYMAL_TRANSITION,Pt6 X8H,2.75292577577405
824,X8 RxH:H / UnRx:E,ESTROGEN_RESPONSE_EARLY,Pt6 X8H,NA
825,X8 RxH:H / UnRx:E,ESTROGEN_RESPONSE_LATE,Pt6 X8H,NA
826,X8 RxH:H / UnRx:E,FATTY_ACID_METABOLISM,Pt6 X8H,NA
827,X8 RxH:H / UnRx:E,G2M_CHECKPOINT,Pt6 X8H,NA
828,X8 RxH:H / UnRx:E,GLYCOLYSIS,Pt6 X8H,NA
829,X8 RxH:H / UnRx:E,HYPOXIA,Pt6 X8H,2.80235328743339
830,X8 RxH:H / UnRx:E,IL6_JAK_STAT3_SIGNALING,Pt6 X8H,NA
831,X8 RxH:H / UnRx:E,INFLAMMATORY_RESPONSE,Pt6 X8H,NA
832,X8 RxH:H / UnRx:E,INTERFERON_ALPHA_RESPONSE,Pt6 X8H,NA
833,X8 RxH:H / UnRx:E,INTERFERON_GAMMA_RESPONSE,Pt6 X8H,NA
834,X8 RxH:H / UnRx:E,KRAS_SIGNALING_DN,Pt6 X8H,NA
835,X8 RxH:H / UnRx:E,KRAS_SIGNALING_UP,Pt6 X8H,NA
836,X8 RxH:H / UnRx:E,MITOTIC_SPINDLE,Pt6 X8H,NA
837,X8 RxH:H / UnRx:E,MTORC1_SIGNALING,Pt6 X8H,NA
838,X8 RxH:H / UnRx:E,MYC_TARGETS_V1,Pt6 X8H,NA
839,X8 RxH:H / UnRx:E,MYC_TARGETS_V2,Pt6 X8H,NA
840,X8 RxH:H / UnRx:E,MYOGENESIS,Pt6 X8H,2.90956679281476
841,X8 RxH:H / UnRx:E,OXIDATIVE_PHOSPHORYLATION,Pt6 X8H,NA
842,X8 RxH:H / UnRx:E,P53_PATHWAY,Pt6 X8H,NA
843,X8 RxH:H / UnRx:E,PEROXISOME,Pt6 X8H,NA
844,X8 RxH:H / UnRx:E,REACTIVE_OXYGEN_SPECIES_PATHWAY,Pt6 X8H,NA
845,X8 RxH:H / UnRx:E,SPERMATOGENESIS,Pt6 X8H,NA
846,X8 RxH:H / UnRx:E,TGF_BETA_SIGNALING,Pt6 X8H,NA
847,X8 RxH:H / UnRx:E,TNFA_SIGNALING_VIA_NFKB,Pt6 X8H,3.83536687244011
848,X8 RxH:H / UnRx:E,UNFOLDED_PROTEIN_RESPONSE,Pt6 X8H,NA
849,X8 RxH:H / UnRx:E,UV_RESPONSE_UP,Pt6 X8H,NA
850,X8 RxH:H / UnRx:E,XENOBIOTIC_METABOLISM,Pt6 X8H,NA
